{
  "schemaVersion": 1,
  "id": "template",
  "version": "${version}",
  "name": "Template",
  "description": "This is an example description! Tell everyone what your mod is about!",
  "authors": [
    "Me!"
  ],
  "contact": {
    "homepage": "https://fabricmc.net/",
    "sources": "https://github.com/FabricMC/fabric-example-mod"
  },
  "license": "CC0-1.0",
  "icon": "assets/template/icon.png",
  "environment": "*",
  "entrypoints": {
    "main": [
      "org.Vrglab.fabric.ExampleModFabric"
    ],
    "client": [
      "org.Vrglab.fabric.client.ExampleModFabricClient"
    ]
  },
  "mixins": [
    "template.mixins.json"
  ],
  "depends": {
    "fabricloader": ">=0.15.11",
    "minecraft": "~1.19.2",
    "java": ">=17",
    "architectury": ">=6.6.92",
    "fabric-api": "*"
  },
  "suggests": {
    "another-mod": "*"
  }
}
